{"cameraMode":{"drawMode":0,"name":"Shaded","section":"Shading Mode"},"sceneLighting":false,"audioPlay":false,"sceneViewState":{"showFog":false,"showMaterialUpdate":false,"showSkybox":false,"showFlares":false,"showImageEffects":false,"showParticleSystems":false},"in2DMode":false,"pivot":{"x":-0.023978710174560548,"y":0.7364593148231506,"z":0.009386181831359864},"rotation":{"x":-0.38432180881500246,"y":-0.010796756483614445,"z":0.004492520354688168,"w":-0.9231289625167847},"size":5.513919353485107,"orthographic":false}