{"cameraMode":{"drawMode":0,"name":"Shaded","section":"Shading Mode"},"sceneLighting":false,"audioPlay":false,"sceneViewState":{"showFog":false,"showMaterialUpdate":false,"showSkybox":false,"showFlares":false,"showImageEffects":false,"showParticleSystems":false},"in2DMode":false,"pivot":{"x":11.838833808898926,"y":2.5132179260253908,"z":-9.297289848327637},"rotation":{"x":0.23810544610023499,"y":0.6752302646636963,"z":-0.24609598517417909,"w":0.6533074378967285},"size":4.072617053985596,"orthographic":true}