{"cameraMode":{"drawMode":0,"name":"Shaded","section":"Shading Mode"},"sceneLighting":false,"audioPlay":false,"sceneViewState":{"showFog":false,"showMaterialUpdate":false,"showSkybox":false,"showFlares":false,"showImageEffects":false,"showParticleSystems":false},"in2DMode":false,"pivot":{"x":0.019529059529304506,"y":0.2924172580242157,"z":-0.003571122884750366},"rotation":{"x":0.25440722703933718,"y":0.12606710195541383,"z":0.03346662223339081,"w":-0.9582672119140625},"size":1.4366034269332886,"orthographic":false}