{"cameraMode":{"drawMode":0,"name":"Shaded","section":"Shading Mode"},"sceneLighting":false,"audioPlay":false,"sceneViewState":{"showFog":false,"showMaterialUpdate":false,"showSkybox":false,"showFlares":false,"showImageEffects":false,"showParticleSystems":false},"in2DMode":false,"pivot":{"x":16.114999771118165,"y":1.0750000476837159,"z":7.919000148773193},"rotation":{"x":0.13240398466587068,"y":-0.8206009864807129,"z":0.21128277480602265,"w":0.5142421126365662},"size":0.42680272459983828,"orthographic":false}