{"cameraMode":{"drawMode":0,"name":"Shaded","section":"Shading Mode"},"sceneLighting":false,"audioPlay":false,"sceneViewState":{"showFog":false,"showMaterialUpdate":false,"showSkybox":false,"showFlares":false,"showImageEffects":false,"showParticleSystems":false},"in2DMode":false,"pivot":{"x":6.115787506103516,"y":-2.8970870971679689,"z":8.060186386108399},"rotation":{"x":-0.04964914172887802,"y":-0.9381640553474426,"z":0.3072575628757477,"w":-0.15159645676612855},"size":41.363250732421878,"orthographic":false}